music	14739
musical_instrument	14703
domestic_sounds_and_home_sounds	6658
human_voice	5653
animal	4357
percussion	3977
vehicle	3710
wind_instrument_and_woodwind_instrument	2653
wild_animals	2392
plucked_string_instrument	2350
speech	2254
guitar	2232
bowed_string_instrument	2064
motor_vehicle_(road)	1986
water	1925
alarm	1864
keyboard_(musical)	1804
bird	1729
liquid	1601
mechanisms	1534
door	1522
drum	1514
human_group_actions	1423
engine	1408
explosion	1388
domestic_animals_and_pets	1365
glass	1241
respiratory_sounds	1202
laughter	1186
bell	1184
brass_instrument	1035
tools	1004
car	999
bird_vocalization_and_bird_call_and_bird_song	961
dog	930
cymbal	903
snare_drum	886
hands	870
male_speech_and_man_speaking	858
piano	855
rail_transport	836
singing	717
rain	708
electric_guitar	687
telephone	685
acoustic_guitar	672
breathing	658
female_speech_and_woman_speaking	640
trumpet	637
livestock_and_farm_animals_and_working_animals	635
fart	630
squeak	606
hi-hat	604
thunderstorm	601
insect	598
thunder	583
walk_and_footsteps	580
clapping	566
slam	552
applause	550
chirp_and_tweet	548
bark	536
coin_(dropping)	529
splash_and_splatter	518
shatter	510
fire	509
gunshot_and_gunfire	482
dishes_and_pots_and_pans	479
thump_and_thud	470
fireworks	469
water_tap_and_faucet	458
chatter	454
train	449
cat	435
crowd	435
chink_and_clink	433
wood	432
typing	430
wind	428
mallet_percussion	427
sink_(filling_or_washing)	407
drum_kit	401
bass_guitar	400
cutlery_and_silverware	400
zipper_(clothing)	395
shout	393
subway_and_metro_and_underground	387
tearing	386
cough	385
tap	384
screaming	377
camera	376
knock	373
whoosh_and_swoosh_and_swish	372
clock	349
organ	348
writing	343
bass_drum	339
ocean	332
run	332
drip	331
crackle	327
cheering	326
pour	323
rattle_(instrument)	317
stream	317
bicycle	311
burping_and_eructation	311
scratching_(performance_technique)	309
trickle_and_dribble	304
rattle	300
tambourine	300
sliding_door	295
crumpling_and_crinkling	291
hiss	289
bus	285
crash_cymbal	285
fowl	281
toilet_flush	279
traffic_noise_and_roadway_noise	279
gong	278
cricket	276
crushing	276
accelerating_and_revving_and_vroom	275
aircraft	272
chime	268
chewing_and_mastication	256
child_speech_and_kid_speaking	255
keys_jangling	251
meow	250
motorcycle	250
waves_and_surf	245
whispering	245
cowbell	235
gurgling	234
hammer	234
harp	234
strum	233
car_passing_by	232
computer_keyboard	223
harmonica	223
drawer_open_or_close	220
engine_starting	220
power_tool	214
idling	213
drill	211
marimba_and_xylophone	210
female_singing	207
microwave_oven	206
bathtub_(filling_or_washing)	204
boom	204
finger_snapping	199
yell	199
raindrop	194
giggle	188
crack	187
vehicle_horn_and_car_horn_and_honking	183
chicken_and_rooster	173
sawing	173
tick-tock	170
ringtone	169
scissors	165
printer	163
buzz	156
screech	154
truck	154
cupboard_open_or_close	153
crying_and_sobbing	151
male_singing	150
fill_(with_liquid)	148
fixed-wing_aircraft_and_airplane	146
doorbell	144
glockenspiel	143
church_bell	141
boat_and_water_vehicle	139
sigh	136
skateboard	135
siren	132
packing_tape_and_duct_tape	130
bicycle_bell	129
purr	128
conversation	126
sneeze	125
frying_(food)	123
growling	123
race_car_and_auto_racing	123
speech_synthesizer	120
mechanical_fan	119
wind_chime	119
chuckle_and_chortle	111
crow	111
ratchet_and_pawl	111
frog	110
gasp	110
tick	109
gull_and_seagull	104
accordion	102
boiling	102
typewriter	102
tabla	97
